,biopsy_id
0,0046d594-872b-47ce-bdea-b2853f249a4a
1,0048fb50-689b-432d-acc6-9be1d30ddaba
2,00acb063-63a1-4241-9a1a-a824c783782e
3,00d0a1e5-0ee6-4a17-9ab1-7cf14faab778
4,013d29dc-b4ed-48f5-985c-2793b3071d8c
5,0155f2e3-4ab1-4d46-aeb3-a89e0b1fbeb0
6,02168e2c-fb36-4eb8-bc83-a848797510fa
7,02443b73-40d3-4d19-81ce-91b665e4377b
8,0259b3e1-fe00-4e75-8f99-536f4b5cbcc5
9,02bde246-ac01-4acb-9e79-86f28a1d925f
10,02c48df9-85ed-49fd-91a3-cc13c0d12013
11,02c6f693-241a-453b-a196-f254f7a3e0d3
12,02cc6a7a-8761-411a-9cab-e47fcd6063ab
13,0328a711-eec7-409a-982e-1b6f16acf423
14,039e3226-f4e8-4366-917d-2b0bb22a1980
15,03af72c6-75db-4512-96c0-e9c55b76a5eb
16,03e13398-39c7-4243-af98-c674021bf9f0
17,03eae490-8837-4ec6-b0d9-44e154090570
18,0503a47b-9232-4d7b-af57-166a8093dc61
19,0616b28b-2539-47c3-becd-3b961ce0213d
20,067682f0-ac7d-4bba-b83a-9946dcf76117
21,06edfb44-3e63-48b9-99e7-afd2f29b568c
22,0706c530-6ad3-4022-9c42-a11949773fd2
23,077fd80d-d691-454e-a556-f5e0ab12116c
24,079967e0-8967-4f97-afb4-38d51c2213c1
25,07ef8871-55b2-456a-8cd9-d48fd0606b0b
26,086841a0-ce9c-4ac8-a0c7-48a72c708866
27,08ec55a8-5454-4cf5-b897-480186a11a2c
28,09163583-8232-43de-977e-86a8bc13671e
29,093451b3-fa06-4370-b660-0d681b268ff4
30,0969a4f5-379c-468f-82b4-c56f9a3f5c0f
31,096b333c-2d40-4164-b914-1bce5d5ce778
32,099d6535-aef4-4b94-a9cd-af63876e160b
33,09b9d8d8-5cb3-47d6-98f9-be72379f5a01
34,0a251930-815b-4add-be7b-2ef09894f72e
35,0a2ea9af-615e-4cac-b3a7-58d4b7974cb3
36,0a383746-a875-400a-8389-36037ec93e26
37,0a5d7331-6e32-4f43-a51b-ecc2721561b9
38,0a766840-fd45-4432-8244-7713a0c6449b
39,0a8415bb-695c-4dbf-bc9b-112f81ec41cf
40,0a9cfbd3-ad8e-4e63-9a64-efa9a77f553c
41,0b07901f-3e8c-465e-9f93-51f0210a9dc5
42,0b164977-9452-4877-a610-771b413fd88c
43,0b357372-d9e0-4ac2-ac0b-c4d689b55909
44,0b5b297a-6bfa-405f-be18-8714020de8f2
45,0b7bf5d1-533a-4e4c-bb07-2d760db03dd5
46,0b8362cb-9b9e-4e88-9235-78ee54189081
47,0c159b0b-e279-4c1b-a07a-3eb510a137c0
48,0c82e6d4-72dc-4925-870f-7797c9298334
49,0d131214-15e0-4e17-bf97-13041c5906d3
50,0d463a75-2ba2-4401-aae6-55c7914e1c1a
51,0d8580ba-f700-48c0-b8bc-9abf4159dfbe
52,0da85c22-2ab6-463a-95be-db7cd1c3eac5
53,0eadc9e1-55a9-40be-82ec-3db5b57ce6f8
54,0f016e66-e102-4c54-9d07-9f9c876482e7
55,0f2b295a-d874-4d90-8ba2-4a0c562901c3
56,0f3985c6-5ec1-4b75-aedd-1982f4990ee4
57,0fa465d7-a16e-43f2-80d1-c44b743cb8d6
58,1003335e-499d-4ae8-b990-48139727b126
59,102e29b9-df5e-4be9-a1e5-7d203a40a544
60,107449bb-9cb9-484c-89d2-8020e654ea40
61,107a4feb-739a-41b9-bc8f-64ad40f5aa21
62,108cce4d-2116-488f-a167-abf1509fc91c
63,1163557d-626f-47d7-b3dd-058e179be196
64,11873074-0491-4906-be1f-a24f2fdd35e4
65,11ac249d-dbe3-48b3-9ef9-48b94ab62426
66,11f1ada6-cfb7-41e7-9bcc-29852065fe47
67,1202c104-f285-4547-8031-bf5ccc469f4f
68,12a8d9f9-fe62-4522-87d7-40c485051c0c
69,12db631c-5c2b-4993-bcac-f6f755264cf4
70,13414768-8a7c-4121-9b8f-e1d21fe8fbc3
71,13e7c7bc-b41f-4eff-8e4e-3e5834717118
72,1430f385-f2d0-45f4-8252-ac1f331e2bdc
73,1441d170-6c18-44c1-b2cd-941f37183d68
74,1501c16d-2080-4512-bddf-9dda2a785198
75,15abdcd2-359c-497e-b6ab-d0355d3d63e4
76,15c1dd4e-270d-4977-9974-9a59809e405e
77,15cc3789-017b-4de2-a3fc-cbd3d8f3c1d8
78,15f30cea-82fd-43d8-9a27-68b991ed9769
79,1661f9ec-0c57-4ced-95de-cc85f83f4829
80,16e6b133-8c45-4344-b8ce-3127d83b4515
81,170e0897-0198-43d3-8a70-ae82b34629d6
82,175bc35c-317d-4be6-9cca-70c183a256ab
83,17728be1-bc5d-4d6c-8062-0fc16c976f26
84,17983f71-291e-4f41-b143-1be704a5e9b7
85,17a14969-b3f8-474b-b9b0-72b036f00992
86,17de2388-b69b-436f-8d17-8bc6c1aff175
87,17e78f50-99ab-47cf-afda-caca215187ff
88,185e2d1f-00d9-4afb-bf11-5330889612e8
89,18a205ff-4242-454c-bcc9-f32fc566695b
90,1927fedb-49b4-41df-9ef2-7938f4e6ecc5
91,1935f815-6ed2-4a11-a47d-172889dd0c9a
92,196ca6fd-28a8-4f05-8b5c-918c46ad4fd4
93,19776045-6fd0-4b8c-957b-62cce6690f07
94,198c51a6-01b8-4106-9f19-bfa5f505a10e
95,1ab489f8-20d4-4248-99f2-de45cb4e3431
96,1ae7bcba-604d-4369-877b-d3a0d563c417
97,1b2331c9-9b10-4c5a-a771-f1f840d55051
98,1b6515e7-2961-472d-8911-3eadbe24e1fc
99,1b902f9f-b97b-4e09-9e83-3660193c2117
100,1bdaa710-9835-4013-91bb-f5e79aa4fa16
101,1bfb62cc-41bc-4943-a490-cddb9ce34e32
102,1c9ae28f-79ac-41f7-8817-9a7fac6298ce
103,1d19552d-6b87-4b6c-906d-f52095df5808
104,1d3c92b3-b6c4-4791-ab85-5e11f7da7dd9
105,1d55e223-a1ec-4dee-98b4-0ffa0961ee94
106,1da7a73e-54c9-4c00-863a-16199f140e20
107,1e30024d-df6b-41e7-b2e4-66d76de5aee1
108,1e83b186-16d8-4c7f-bb42-e5f3e8796faa
109,1e8ad2c6-e42b-48cf-be78-a20d3067092f
110,1ed0c03f-aec8-4e55-8486-19aa94cecc47
111,1ed777b1-4e00-4bcd-8c8e-a971536f6106
112,1ef43530-a307-463e-9a63-de446dd56e2b
113,1f35f7bc-9c28-44bd-b340-5fcd87ac59ad
114,1fbe19a7-e76a-4ff1-bf84-12a29bb9c209
115,1fc61749-6f20-483a-8769-03b4fc79984f
116,1fcc436a-6eeb-4a2c-a1c7-05e7716d9318
117,20cbe3c5-4a15-4cc2-8ca4-51a104a7e6b5
118,21810cdc-9aec-4a9a-883e-c9d14d28e2a7
119,21c028ed-42b2-4ed2-b58e-a17e8f94498d
120,21d2df16-baa4-4b20-93cd-dba4cfa18719
121,22413a93-ce57-40c1-a46c-7b981fe00f27
122,22830e38-814e-424a-a5c6-d3554d8a0fdc
123,231049fa-39eb-4c26-8372-25df727bddde
124,2346a756-c6c6-4d91-9131-164153694f78
125,23520bb2-2866-4812-855e-0c236c82a4de
126,2380c71d-32ff-4e9f-9d55-4c88d0bbbf0d
127,2455321f-5ca5-45bd-8b99-781775fc7ddf
128,245d2add-e11e-4993-9a78-ca0f27d1d687
129,248e8eec-688f-4b11-a86d-f244b5ed487e
130,25257a87-062e-4447-b11a-312cd0644879
131,257724dd-396f-4333-9080-309ee84f9113
132,2609fd14-47a0-4ac2-91c3-e4cd66a63bf5
133,26114f71-2f54-4bbe-b326-5c789a155229
134,266851f2-b363-4748-859c-ffbf912a963a
135,26a743b8-5595-42ab-b22d-7d6069f56530
136,26de4f75-b306-42e2-a053-53bb04647c9a
137,2730a0e2-eb37-4acd-bac3-4bf79c3346b6
138,275a2976-b9d0-4dba-b294-58e4d723e859
139,27959542-b6bd-4cc7-8c65-d99db64504b4
140,2818b0d9-5099-44b5-9bcf-eaf33442b50f
141,28cef9ee-d94a-4634-b348-7439653c84ac
142,28e4c442-ea84-46a4-b3fe-56df34c81e27
143,29181ee7-30c6-406e-8a37-ab686b11ed99
144,29c7f5c9-3fa3-4d38-8469-c8076eabc002
145,29f12d29-d2a7-498d-8ca2-e4ed20bb09b6
146,2ab43308-5ed2-4b3e-9bdc-c3ec148a97e5
147,2afcc97e-93c1-4c24-9d4a-e29026d742b2
148,2b0b1d66-9237-4f00-8e57-4ed603a3a80d
149,2b118510-8962-4af6-bfc3-e520044eb18f
150,2b32e828-1a16-46e0-bd80-71af406639d9
151,2b43b18e-2030-41cf-b488-896b6c67b048
152,2c20f7d6-3042-4240-b3a7-c754f8dcb044
153,2c9454a1-6086-402d-8f84-5fa75f885e85
154,2c99c069-f586-47db-84bc-52a2d6a8b699
155,2cb89b15-7190-4817-9d5a-e0c84548de4d
156,2cc077e6-b61f-43b2-8959-ce50c0c0dd8f
157,2d290e95-b789-44b6-a456-3cb83d69bb7d
158,2d2a3b4d-fdfc-4ee5-b894-46c860475fbc
159,2dbf5fe9-0b03-4293-abc2-abd3377ab0d7
160,2e08d076-c380-4a95-8a43-4640fd6ac886
161,2e22507b-5a36-4101-8730-c52656f6afbe
162,2e4a761e-a881-4423-86e8-4c9a3450a494
163,2e54f217-8ba4-49c5-a308-8cb60934a067
164,2e7520c3-d00c-4e1c-8aba-140bff11d496
165,2ea6c3fe-38c0-4827-8a68-70f2a520486e
166,2f05e6c9-4cdd-4c6d-b514-943a9d8d7012
167,2f411e22-462a-49f9-bf3b-6d81b42465dc
168,2f4dab3f-e2c0-4eec-8070-dc43957065d4
169,2f56aa70-b7f8-4282-b0b4-578604380e23
170,2f79c4a2-5432-43ab-8eaf-83e96b0cb49d
171,2fa4ebfc-2c52-4d28-a2f2-f0529c91ebe6
172,2fe58108-9e6a-429b-8e10-7769c0a1953b
173,2fead8d8-9eda-48fe-9551-781f44a2be06
174,307027e1-0496-44b4-932a-23cb14d7bafe
175,30d0df59-7945-4573-826e-db6adb2c158d
176,3135b8c7-cf04-4307-b11b-cd3192c24348
177,315f332a-dff8-4926-8c90-f714dbf6b760
178,3162fb1b-0b3c-4e3f-8673-4560e5cfac4c
179,319a7174-cd21-4e68-a4cc-14ce8335fe8d
180,31adc375-a6d7-408c-8df1-13c3e967c6b2
181,32da2bee-924c-4b88-bb85-46d84df045d7
182,32fa5099-a948-4e2f-a638-a80b1c3e26a1
183,332a1c90-8f90-4360-96c0-03ad41b54537
184,33c3571a-d703-4e44-893f-1e99c5988898
185,33e961bb-fd50-4b79-a895-15c14daf4c8a
186,34575a91-86ed-4910-a5a0-b299c8c54332
187,34ff3669-9863-48bf-b711-74f142ab2aa7
188,356f5dc6-eef3-42d0-8060-c1689cc424f6
189,3576565f-d51b-471f-aef7-50cbc53797e2
190,35d33c44-16be-4f36-b453-c0e6111c2b06
191,36503647-3e35-49bd-a0d1-a32bb70cf4c6
192,36a63b01-a281-40ff-9770-2f8690a25c3f
193,36d91afa-1c91-45b6-88cc-cd113f8dbf6b
194,36dcb2c0-55b4-42a7-a7d6-101f51fcf2d8
195,37165c0c-1557-46b0-b80e-1ea4d84cd172
196,379f9911-7bb8-4a7a-a26a-33fd021fba04
197,37d25d46-bed3-4253-bdaf-33e654d6ecab
198,37eb91dd-1c49-4108-b478-735ca86d0321
199,38101fee-df8c-4e89-a382-07f826351f92
200,38425502-ca24-42cb-9236-251879878928
201,38a97dcf-4f50-4397-a0ec-b8019a12a93c
202,38bd85f2-1354-4dab-aba1-4d414e5d5152
203,3903022f-729d-412c-9ba7-b35b56f5ed14
204,39576390-f343-4b6e-bc5e-3530244bcfb0
205,39a83d55-d224-49fb-b219-05dd5b150d13
206,3a04fbbf-49a9-4269-90ef-974f5a1dfe9e
207,3a0eae37-7bd6-4561-8b03-80a26bac9af4
208,3a28fcf0-a50c-4a00-9fb2-3d657a2bd1dd
209,3a2f0c9a-2e36-4286-b89b-fd1cfd50cbcf
210,3a9803e2-5100-4403-ba24-32a13005951d
211,3b8ec6fb-aeb3-45c7-b6d3-bf79c2048f11
212,3bf06989-0cf0-44f4-b35e-9c00405e6371
213,3bf4af14-1411-489e-afc7-a30763bd1184
214,3c31fd20-2c6e-4088-bfaf-8f015091e2de
215,3c633a2b-1f3d-470a-8cad-d29f22305559
216,3c848f6f-8adb-4680-a2e0-ce0bb73a5604
217,3c96a6b5-70ab-4e68-bd32-64b12ca06bbd
218,3c98a748-2942-484e-a79e-66519387449e
219,3d9ac8cb-88a3-4665-a0ea-44c95ebabd92
220,3e1dfb27-46fb-4143-a4e8-2968cfa38561
221,3e2793f5-52f5-4f6f-a291-3027cf5f3b2a
222,3e7ba2bf-eb89-49db-9c8a-f46eb0b4b86b
223,3e87762d-9b39-488e-860a-50877ef854b2
224,3f728b68-3d6c-4ad2-a2e7-385072efbd41
225,3fd1de5e-a4e4-4868-9974-bb04c7a293c6
226,3fea73a2-8fc6-43cb-b2ea-111822029099
227,40023b15-785f-4391-8cd9-4b1109f91253
228,402a8974-2712-4d61-b25a-e3a95a317397
229,40e10290-af0a-487e-b6a7-f2ae97eab0af
230,40f8375c-9e5e-4ba7-a903-c0409cbd0398
231,4112d057-c0b6-4eb7-a9fc-e4ebfb136285
232,41530016-df70-49de-a352-07dacbda4619
233,416058ea-9419-446a-a193-2b0c2e6746da
234,416475ef-3856-4be9-bd2c-6fe31e55e7c9
235,41a889e6-0aab-478c-a018-b45bdfa98579
236,41b3c3c2-7061-41fd-921e-1e058babab69
237,42176546-7cfe-40a8-9ff0-3053bc41fb0d
238,4275bc4f-0e9d-4feb-aaeb-5541dd8be9ae
239,42822b55-4ea5-430e-befe-7f134815dfb6
240,42a3db6b-6bd1-49f9-bcf4-df995584aa66
241,42ae055a-b61d-42af-8b8c-8d4c2dcdbcd8
242,433253b0-2c8e-4eba-aca4-d494c804f50d
243,438a08de-8664-42be-be94-3bb9058ff998
244,43b7ea4d-03ca-44bc-9a93-292c464f4a27
245,43d2cd2f-830c-4cfc-bf64-53f6c6fe8deb
246,43d621eb-85ce-4690-89da-b1ffd382d7b9
247,440e3ae0-4c3d-4020-bca6-4b615d3b9fd8
248,4445efc8-f129-4cd7-bc6b-f0b70bc2a927
249,4451859c-040f-4d21-bd84-2778364ef848
250,44e9479d-7d54-414c-8ebc-82c372774871
251,450346c3-17f2-4e28-9618-c10fca5815d2
252,4583bd4c-db92-4b74-b206-160918f7cb92
253,45a0b862-6510-4fcb-bd35-63b70461c462
254,45ed695e-4250-4d28-803c-355b837801ba
255,460d420a-e953-445f-84fe-84857e9f0abd
256,46107347-de7d-49e3-8309-74750a628247
257,465dcd7c-7bf3-47a6-aae3-e4a6b97d762c
258,46a2103b-5b1f-4f4b-ae14-39580e2a734e
259,46b7f101-4063-46e6-8b59-ea62a4c681f1
260,46e74003-d188-4e81-8d39-61941ff447a7
261,471512c5-50c3-41a2-b3dc-5efffd6c61c7
262,47653ca7-db9b-4ff8-8674-5e4ce965909e
263,47e014c9-1a39-4b2f-9156-2490621b8bb4
264,47f8adcd-01b9-4f9a-b423-a3413c14bf8c
265,49f1198e-3b7c-4e63-9743-4a62dd4fb045
266,4a171d35-61d1-4361-ad3e-775d4052921e
267,4a21b446-275c-4110-b6cc-dccfc135a549
268,4a5d36b0-1047-4dd9-b041-f102c11493c4
269,4a6c0449-98af-42bb-bb7b-827142bae8ee
270,4a78bef1-871d-4d4c-8dc4-fa8694c45de8
271,4b3ec539-0859-412b-a71a-2308974293e7
272,4b6d2dfd-615a-48b5-99f6-952f9b726b1e
273,4c3c1237-6b28-4c7f-8c9d-8f38cbf3b8dc
274,4c9cef5a-2f99-41b5-b061-5fbfd64056db
275,4d241ee1-9dcd-4d7a-86eb-d81f1c8e7f7e
276,4daa0182-3fc8-4552-bf6c-510dcbb817d0
277,4e176507-6c3c-42e0-8c65-594e089b52fa
278,4e73c914-0014-4466-a212-f86f7e69928c
279,4ec109e2-154e-4236-83cb-ba1e86f5ae15
280,4f2988b1-82ba-4595-b6d4-592b1e2b6c29
281,4f3701fb-2c36-4d58-91e8-80c2b6981c7f
282,4f49936c-861c-4cdc-8541-43aff6d5e5c0
283,4f5734fd-8522-4ea9-9e5c-01f778c44f95
284,50c7de03-b263-4bef-b6bd-06e0b1b77b92
285,50e32a6b-0990-4d5f-8568-2e537c19831a
286,51578a43-7690-417f-8377-74477053a22e
287,51b88290-a385-4685-87b5-2bb568ed8e62
288,51bc76e4-4600-44e1-8c7f-a647fdb410ec
289,51dad4cb-5dd0-4ac5-b21d-84fffa8e68d7
290,51e1ad45-73c2-457b-9e99-fcb087905b6a
291,52bbf879-1e84-475b-b8af-f09af8deca94
292,52da9c0c-5f37-4606-ae4c-fec183295efe
293,53035285-1b6b-445d-936d-58430d10ab56
294,5360c682-ca8e-4296-af3f-babcfe980e16
295,53ceeb18-a6f0-44da-96c4-b68537b183b6
296,546e1958-79dd-4748-801f-1337ee433676
297,54a0b338-5a4f-4211-885b-04604ba5a8be
298,54aae02a-8b3b-49b5-8a68-bbf6e3f0041d
299,54cc3494-851a-4ef7-bb95-30dc2e857442
300,54f8448b-7622-4399-82d2-fab926eb283e
301,5560ed18-24fd-43a9-ad53-998fe24a931f
302,55e06b9b-bf5d-491d-8119-8dabf6b7ea8a
303,55e66709-f9eb-4a46-be47-018acaf2689b
304,55e98b22-e775-4ff2-b940-9a94b21844c2
305,55fe8c9e-06a4-4cb8-ba26-bc106cacc89d
306,562af03c-7fb0-4da1-8325-e72c152784ac
307,562b87b4-60fb-4566-af22-0fb9db51c90d
308,566efdd8-0ea0-4797-9e0a-fadb044cb2e4
309,57414d4b-ebe1-4df1-bb9c-a01ebba72ab9
310,591ca0cc-d11e-4c41-b22d-ea6e999856f1
311,591cc819-fb7a-4faa-b49e-eefc8489306f
312,597d143b-a321-40b3-8c45-cf3685ad1abf
313,598216b3-1d51-45e7-a681-0e08f6f761f1
314,5b6b4f88-ccb5-4240-869f-3f8fc3adccad
315,5bd4dd2b-c647-483d-956a-a0567d6086a5
316,5bee77ba-7f3b-4969-8ef4-e8081ab6e1f2
317,5bfafb94-57cf-445c-b326-feaa4f4e2a36
318,5c0c9696-526a-4cef-ad21-92131cbb5b68
319,5c90d021-79c4-46b1-86c4-5b28e67f1275
320,5c99b77c-a4fb-4a66-b2e9-659c6d9bcf48
321,5cdfff84-5000-4fe4-8e5b-d538d1630a85
322,5d2e1ae0-3617-4e5b-af83-fb289e976c4c
323,5d4ff3cc-6610-4e3f-ac37-e8fe161dca97
324,5d87fb44-7a28-41ee-bb09-466b8533ac3d
325,5de37979-3601-47d8-afc5-e4e5b84c38fe
326,5e9096dc-e491-463b-8120-7f3bf7317cc8
327,5ea50007-86e0-4fda-b697-4082e636c74a
328,5eb4a3b5-1c24-4b76-be14-db7d20bea093
329,5ed1e09a-8862-4941-adec-0a825838f5ef
330,5f5a611e-c05b-4edd-bf1c-48b601c9d413
331,5faaf4d0-526a-4d58-9c49-494122763223
332,5fe7037c-fa46-4ce4-9bda-3b17cfb61502
333,60e991e5-ab4b-4fc4-a0ef-2f8de651d31e
334,613b5760-e396-4b41-a0f9-de0e197ea641
335,614a2463-8e1e-45b7-b346-90a0630d1434
336,615b1c08-c0c9-42c6-b45c-3323781c6037
337,6172cd0e-df06-4dcf-ad41-1eaf6560b859
338,62690a56-1a8f-4008-baee-21d7be7aa476
339,6289222a-df53-4763-9189-27b0a62db867
340,628fe8c6-9a5d-4839-96a6-92223f42167b
341,62ade10b-f8f8-4d05-8f70-d3c1badc7677
342,6315aed9-7dd2-4f45-9348-d3416a953f6b
343,6381ec5a-87cf-4a81-9649-6d7d9878024d
344,63c5eaa6-4018-4064-86b5-a6ae466a32e0
345,63d2583f-3ecd-497b-9d80-5e2dc5226ce5
346,642c6248-77e3-470a-9443-538f0060cda6
347,64dcc2ff-88ef-484e-b020-633b7d50c35a
348,653919f7-0175-483a-b106-80c3646c2b77
349,657dd8e4-db97-47ef-ae0e-4fbf7516f96d
350,659e2479-4a9b-4113-bc35-f6f897ae9930
351,659f19eb-e0ed-4b7a-9073-277f0883fde4
352,65ef349f-890c-4577-911e-7fa5a9e66e9f
353,6700b020-5500-4ab5-9e91-394e58293e56
354,6705bedc-d7fc-4d03-87cf-a3ebb9b24f3e
355,672f7364-6350-4efa-99f6-e27f93c0ed74
356,674dc3bb-c959-47df-84b3-3cd0b66979eb
357,67a9d238-d5a6-4831-9440-3928789e6841
358,6814f014-50d8-4da1-9971-9371bc63899b
359,682299f4-8809-4976-9e19-4692f38b006d
360,68289b74-4f37-4fce-88b6-63203dcce02c
361,687adfe4-c55f-4067-a7d5-96ed32ea6c87
362,68846106-b744-4d73-a86c-53147a87ba8d
363,68dd2c44-3ff8-489c-b186-ee84fb67df4f
364,68fb8ee2-6746-4637-8fdb-8c3d23e3ab76
365,690b7d0b-3ccc-4dba-a7ba-2d93c5fc73d0
366,69404e39-f271-48ac-bea4-2a2a87b247a9
367,695845c8-e39d-4be2-b645-820c4f1d2c53
368,6961ba60-a8a1-45e5-8c8c-953e22a8b8c2
369,698bd9da-48d3-4919-9807-63b68eda7e99
370,69bf6073-0a3a-4e1f-a97c-1f58a9208754
371,69fb882a-c2aa-4371-8cdb-6ba8c7cd9c95
372,6a04551e-b45e-45c3-bf60-01afa49aa96c
373,6a0627e8-71fc-4d6b-b919-d6d223bf0fa6
374,6a2b025a-f038-4d37-a3e8-ea29cdcc44ff
375,6ae4d0fd-e11c-4668-a87e-351b3be135aa
376,6b68ecac-fb9a-4838-b617-e2f4cb6e5573
377,6c054bc8-e1d8-419b-8e8d-7aef2cf277b9
378,6c642621-b939-4cc4-be8a-f843e2122f3c
379,6d58f34c-6bb0-44ee-a642-9cff42b6cabc
380,6d60b17d-62ba-4482-bcee-2e8f8d5bb067
381,6d9eaee7-1531-4c28-9b7c-e544d73a1f88
382,6ddc2d1e-2ebc-4faa-9750-b78eaa6db5e4
383,6e0c4cbe-c876-49cc-a353-9713f25d52d6
384,6e914100-a140-4f3b-be8e-e372f42670d7
385,6ecb7186-55f1-4e0b-8cc4-311c17768f32
386,6ed6ec21-b5f8-440b-83b4-cadc67cb4dc4
387,6edb9e3f-9d0d-4d6c-8761-d786341d4241
388,6fab76cb-0195-41ae-ae75-70bd8ccc08b0
389,7066e170-c51f-429a-aab7-152c205f3c4f
390,709a801a-ece6-43c3-9517-20e579f76700
391,719fe962-452a-488c-ac02-bfb421c0f15d
392,71b50c7d-d5aa-46fa-84fb-cacc89d6f031
393,728b424c-b552-4db8-ad92-d0491974965a
394,73458f39-c43b-4beb-8864-50a3287ee51f
395,73475f8d-00ad-4d15-8828-f68f78af3eeb
396,7348cd20-96b7-4a83-86bc-a27b7c4ac6e5
397,73848dd9-ba0b-4c51-a359-6d0229f7315c
398,74189d02-f6c4-4c51-be96-421023ee646a
399,741de073-f840-4a0a-a5d3-3f743806ec6b
400,7443f723-4fd8-4915-827f-8e9c010bf4c4
401,747836a9-d5a6-4b94-9880-645bd5a2571d
402,7486b2a4-1f05-486c-bc21-7df3dcacf5cb
403,75082888-b4e1-43ac-a70f-bec58f6c728f
404,755977ca-50ee-4dd4-9905-27a578a6f740
405,7567c6dc-0655-498c-a54f-a662c6bfa32c
406,75908252-bddc-46fb-9247-66118a6776a3
407,75dcdf5f-7f9b-4594-bc29-230e075a1b31
408,75ddb060-1c2d-4eee-9d64-60ac13c59a6a
409,76aab356-fab3-4266-8ccd-24179d2d0651
410,770038a4-4753-4f34-b7ff-91e5c2d1f8cb
411,77366eb2-1a31-49e5-a1bc-76eace199ac6
412,7747b2d4-e6f4-495d-a4a0-1579424ae5bb
413,77557fdd-c599-4bb3-8fc5-d882619dac29
414,77e13f14-50fe-44b4-908d-b5613aba96f4
415,77e16b5c-20f4-4c76-b1c4-36d9bd2ec880
416,7842bf01-9961-4553-9d41-eaed40ef32d6
417,7843f55f-b7c8-4ec6-8f07-2db03be28b65
418,78701752-d23b-4af3-9c54-46f80a87cfe8
419,7881eb41-0182-43b8-bf34-dbf8ca8f8eda
420,78fd4bb3-9040-44ae-aa5d-74d7f1a27920
421,7951da87-316f-472a-ac1d-5898ae82f684
422,799d56b7-9ae1-4e22-a6be-9aa55e8d97fb
423,79ab35ec-6130-402b-9825-8a09b6f7e504
424,79c6ef67-ec37-42a4-a4a0-4fedaacb5c0c
425,79cd9cdf-e095-427e-bcb0-1535b0d69149
426,7a3a5eb5-e215-4cc8-a49c-7e840b204bdf
427,7ade3372-87ac-4446-827e-4c5c509ebe4f
428,7b047c61-a250-4926-bbd8-d2e2033df5d2
429,7b2b9d4f-220f-40dd-b49c-291e2cd15595
430,7b39fd01-34a2-4471-bfe5-3962875637a3
431,7b951cad-2332-42de-89ce-a0ff3fcbe4f9
432,7bc36c8e-bdb4-4861-9bf6-975cd1bae02d
433,7bc5a47c-990f-4298-ab8e-03fde0ebce07
434,7bd47a33-8884-4e5c-91ec-ce474bddaa7e
435,7bfedb2a-e260-407c-8e60-d9e196e692f3
436,7c8c6191-3e73-4cd6-bb6d-d4d91ca878cb
437,7cca6b71-e1c9-4279-a0e0-a6a95b1a096e
438,7d2731b1-8946-4512-8fa1-cbe1c0c48f52
439,7d58ccff-e8b0-4cba-9764-c5e1b4fa1eee
440,7ddd338b-e893-4cba-8189-60ff367c7320
441,7e848f84-fede-41b2-a679-fc748898580d
442,7ee0a403-feb6-4392-a25f-40370a7b0a15
443,800c247e-360f-4d88-88a7-82229c8bd0d2
444,80f82649-2678-4747-8c0e-3ed26f373b2b
445,8136e58d-9518-465f-b4e0-c370e011987e
446,81955533-77bb-4e82-b229-34a5befa8203
447,819a527a-313b-4340-aa15-61e41e6ed342
448,81b8d5f3-96f1-4c0c-ab67-9a8a4d41f684
449,81c5f046-e74a-4419-bd85-de2de8b35246
450,82474f72-d4e4-4e7e-86de-3823312a39ac
451,825fc28b-fcc7-44cb-8806-ebf58761bfe1
452,828e7eff-8343-4002-9ba7-35135b0b92fa
453,82a0a78a-4367-4b00-8ba5-536b3ea62951
454,82bcfa09-a951-4174-a5c3-3f621ef76fd5
455,8304b2e3-7bef-4010-9150-f88b1f5bc0ea
456,83233967-3a8c-4ea3-af2c-352e0453fc0b
457,83970d30-30f8-4c8c-83be-eb2fac49fc50
458,83b7f694-6f61-4569-8ec6-a715c80aa11c
459,84943409-22ff-40d7-a48e-be590c08d8b4
460,84e76850-99fe-4cab-88ad-b0795ce2cfe9
461,855d187b-0f3c-4e34-9983-84f1a890b6da
462,8566e911-d3d6-4061-b228-2faee6536d4c
463,860b679d-a10f-49fb-900e-e0a1776d6fdc
464,8615fb33-5108-45e5-a950-999d006bb48f
465,86304ecf-1875-4b48-82f9-fdf4c166ef20
466,8643603a-eaad-4e01-9dd0-9d7d91719182
467,8696026e-d02c-453f-b19b-6eae5d478e82
468,869ac28a-17e2-40c2-9e9f-b13986bea68d
469,86d65e0f-1d77-44da-83a0-1dcf50f3ed66
470,87186ff2-e33c-4086-b1ed-8d0e46bb0517
471,87abdf2c-c761-431b-800f-85a3eceb8fba
472,87d6eaf0-6f12-4f56-a915-3af073d19f71
473,8813fe7f-e274-44a9-996d-92bf45bf7d88
474,8818cfed-7b4b-458f-af9c-11e014d77921
475,887777de-6b28-4dc4-b4ad-46e97f31965d
476,889b1a52-a616-4e5c-a6d7-a643ecaa0939
477,893ab417-8b4b-42e0-bf8a-19ae1cf9b463
478,8999fa12-71e7-4ebb-86e6-cc5780276a44
479,89edaf47-f7b7-4b3b-8989-f81b70b53310
480,8a149c9a-f707-4b79-b2c6-6e62ceaf700b
481,8a2e6ff2-2461-4b4e-9141-11b312b32168
482,8bb3f88c-8291-430f-9023-afb3c3cad7ce
483,8bed0ad4-01ee-4441-9c30-4c13cf04befc
484,8c3e9f9c-b53d-44af-87bb-57fc266199d8
485,8c3ea418-cbc6-45b6-a474-c3ea7ba0461e
486,8c8cd151-f2b5-4f89-9b79-77c1b2a02f21
487,8ca70279-2365-4250-98f7-90779d71df00
488,8cbd2a6e-7a3b-455d-b888-1ce920549f45
489,8d1ffeb7-3c01-41ec-af80-f7c71e1e44ba
490,8dc5bacb-5904-45c4-9136-8aa8e16c3711
491,8ebcefba-1748-40f1-9c8d-39e802bd7dc0
492,8efca215-e27a-473a-8623-00990c0cb575
493,8f38fad9-40bf-4e04-a9f0-5f945f80c953
494,8fefde56-1a43-4de9-99f2-7fbc2036adc9
495,9001f4cf-b6e0-4f8e-9616-ac952bb69894
496,909b1686-1c35-4c69-b3db-05592ce19998
497,90b5df96-e46e-4029-a37e-a23ea68d44f7
498,90bfefc0-3458-4b29-ad29-7a8a787d6c86
499,90e6ae97-b0d4-40d7-9b69-7e7ddb48b677
500,916a26c4-998c-4590-be5d-42cb152b9d9a
501,91939542-651d-4cf8-a3ba-cc2844704caf
502,9236cdbe-14d8-4047-b31a-cd5e77ad0b18
503,928bbf91-5120-4023-ad7f-ed288f99e2ec
504,92cb67c0-857e-4552-97cc-d9195ce9a226
505,92e4f71e-140f-4cf2-b8dd-4b2aacc3973e
506,93718e4b-6543-4fc5-ae2b-291046c32ddb
507,938fd40a-2588-4095-813b-0fc86cdbef67
508,93a52b85-2650-425e-9c08-c02e77d93c43
509,93fb6b04-85aa-4aca-af52-cf4d35a21393
510,94e0c13d-16a4-485f-9537-f7e3821e2a38
511,95435ea4-5a9f-4bb4-a629-1c35ed268536
512,9590f682-1ce1-4f2f-a62b-2ceb7c61cc97
513,95b80f64-421e-4974-8f30-7ae1c68237f0
514,9602454f-5cb1-4186-b118-ded75e3038b4
515,962dcf5e-cf4e-4460-9db7-470f3b618c11
516,9641a4d7-9d17-49fd-ade5-1c07ba4a6a91
517,9673020e-a458-479d-8351-1daad484ec9c
518,97772192-9794-465f-8f88-e84fcdaa05b8
519,97c784c8-1983-4161-b42c-259eee3fe3bf
520,9846b23d-c4bd-41b6-8e54-cead4053c06f
521,984c5e74-bcbb-4765-9715-71fcda6fb1d5
522,98fb9800-3a81-4c83-aa65-082abad7a326
523,99015551-dcbb-4f27-ab7b-20228a67dd8d
524,9938ba32-e894-4b65-a9e5-714d3c0478d5
525,994fb4e2-eb9a-473c-b100-972b946bfd5e
526,998fed9d-6ce7-4b6e-bb24-ca955921fc32
527,99bb96d6-855a-47db-8951-725de6353ff9
528,9a5a20ea-bfe6-4b68-90f0-f20e2edb1d54
529,9a821afb-717a-43db-9153-e5c1bba157cf
530,9ac71237-da2f-436b-909f-e1f3ea78d904
531,9b1d09c5-4596-4e1b-89f8-3e5073150649
532,9b1ed022-b5ac-47b6-973e-fd564e4f7d81
533,9b254335-ac89-4260-85fe-3bfdf8a8f216
534,9b40ff40-7565-43d2-9bbf-1f57929c1951
535,9b438616-49a4-4b82-b014-63cc1ab93b0b
536,9b5c332e-9b76-452b-926a-8a3c1586e841
537,9bbb7766-1b42-42ca-8d7f-fc1b4410a3f6
538,9bd5111e-d3c0-4ba9-a808-a55d781bbbbc
539,9c10e0f3-270a-4aa5-83db-dadaf0a30dd8
540,9c33e642-4169-4888-938b-48db66085e8e
541,9c65ca8e-2c3f-4179-b5fd-6d7b2866ce67
542,9c86282e-5612-4fb1-b65d-cbaac5ce65fd
543,9d027688-5641-47c9-b958-2fbcf04a6a24
544,9d3dece8-37eb-4ac1-8a9b-8899bf44e247
545,9d623a01-3aeb-4d74-90e9-bdfdb198ff3c
546,9de88e04-2c98-493a-aa3d-7ac13eee1d48
547,9df22408-e49e-4630-be55-a88b8d63fd6e
548,9e16c62c-b275-4eb0-bc8b-785985b22fec
549,9e4cd7d6-7241-43c7-b1d3-53d41a1fdb3e
550,9f03f87d-252f-4c1e-9298-29137215b606
551,9f5076ed-6de6-4e2f-afb7-0533656aabd3
552,9fdddc24-3eef-4d39-92b0-4153eef6859d
553,a0648699-1ac8-424b-bd9c-a8e5e0236f97
554,a06b8f3c-f44f-4dc9-8b0f-602ffa796a21
555,a0727673-0dfd-4d1e-9f75-2d983d33d36d
556,a0fa544a-3ce8-4deb-869c-d14ca2b2ba60
557,a0ffe0a1-6f23-4bdf-9ee0-0037f47832d8
558,a17402a4-de4d-4670-8051-0050a7483a7f
559,a1cb2bed-2cf1-421e-8f0f-0f8e230003f8
560,a1d8be57-880f-4847-84ff-4284a5e5c9bb
561,a21b5635-b53b-4f2c-8328-0b22f61a8d52
562,a2555ec5-ca35-4a4f-9c76-b56db27b342f
563,a286cef1-2f1c-41b7-afdc-4c9bfbe73ecc
564,a2aea44f-c8a7-4ed5-aace-6b6288ba3542
565,a30c7fb3-e488-4662-8b22-4faf90152efe
566,a3250205-b44b-4889-8421-ba904de448ae
567,a34246ab-c7e0-4cb4-be5b-1435f9c15b3f
568,a3a26ba6-1bb8-4aca-bb4b-7cde83270712
569,a3b351be-201d-44a5-b34e-63d67bda80f8
570,a3ea263d-c3d2-42c3-bd57-bd248fd9988a
571,a3eaf961-6aa9-4fcc-a8d0-0f112e6239e1
572,a441012e-a53d-432e-86ae-4cd70e28fd55
573,a49a9a72-bc2e-44d7-89cd-6f7a0eba92bd
574,a4b73d45-77dc-4ca9-8a51-4a70f19409f6
575,a4f82ebd-5e12-43a2-935b-b59c5caa8fb9
576,a50b745f-07e5-4fcf-b68f-e8d42f60ae76
577,a50bf963-fa91-4ac5-89f3-75a5823e5193
578,a50fd298-9f9d-4b36-9dc7-5c2b4199d3a7
579,a51c75b7-4fa5-4a81-85f3-9e988e106903
580,a5277ca7-4e92-4c51-9939-9e5c1156afe4
581,a57bdcd2-5bec-40fa-928b-62fb7cface38
582,a607e98a-aa0b-43a4-99e9-9866bf2cf68d
583,a6906e5e-47ae-47fa-8227-1c3e6dbf07e3
584,a69c0266-18fa-43b7-9e28-b5ff3b6aef2f
585,a69d3e1d-bd61-4615-9a57-a1dd7c3063c0
586,a6add749-7c65-4833-88e7-01cbc82f731f
587,a6dde412-225b-44bd-8e37-4b1978fe1914
588,a7379d21-5792-454c-b2d4-b0eecaddfff4
589,a7f4c288-8222-4eb7-8319-cb8dffe60b46
590,a816e4c8-d9c1-4906-b41a-bb149741ab6b
591,a859bff9-1996-4369-a7be-aa7b55524ab4
592,a8d95e0b-65ab-464e-9db7-b2b039f40455
593,a9581f52-50c4-4c70-a55f-0962b62e80a0
594,aa0252a1-e3c3-45a1-8c07-a6270fe32740
595,aa25e741-7568-46d6-a791-107539effb9a
596,aad43dac-a849-4932-a304-0833984331be
597,ab1f7c2b-258e-41a1-8e27-7d5dc33024fc
598,ab365572-e37c-470b-9716-da845bbebbde
599,abe08d9a-6392-444f-8253-1d7ce154b8ad
600,abe32841-dd2f-42d3-abe1-3a3b34966b9b
601,ac31b830-5cfe-467a-a651-6aae4a0c3e4e
602,ac3d5699-7632-407a-adf4-fbb09dd73f7d
603,ac72a87a-8037-4856-9287-7f60e76bea41
604,ac9befa6-8779-47ad-89c9-5f4a67fd1c25
605,acc33a38-1b1c-4a18-bd42-0aba502b2749
606,adc57a50-cdb9-4919-b94c-8e2bce1c7088
607,ae416004-0230-420c-82e1-fcd264f799ca
608,aee09016-a5b3-447c-977a-f0a0be451c72
609,af3e09be-5539-4d7c-954d-065a0b727d06
610,b00adaa8-852a-4b9b-9ffd-feb652c96e52
611,b06d4828-3d77-476f-8e3f-d83c04bc7930
612,b0946c41-87fd-4763-9942-a2ef6929c48d
613,b20e4d8d-b416-4540-8b9c-1f2bc23cf11e
614,b21f9881-1fa2-4323-bb0b-2c1768a1f76c
615,b27757a0-4c63-407f-9c22-668c2cdeb59f
616,b27d6e80-46c8-4b21-809e-3248247572bf
617,b32e05e3-9d64-4b79-bf10-f46880805161
618,b33ff61d-7ff3-4a25-8509-0dfa56ec16f8
619,b374fcd0-441b-4c85-b794-0747d23a66b7
620,b3b2b6cc-1f48-4003-a554-1f8cad6f1280
621,b40e8efd-7366-4d51-a2fc-ec539fe05774
622,b455c6f1-003a-4bf4-a615-1eb8b8c7ad94
623,b4761b06-3119-47bd-9f80-17c8af265ec2
624,b58f20d7-d0b3-4c34-b67a-2ab231399994
625,b5d8560c-d452-4fde-811b-9da356ae1737
626,b6012d0f-95a2-4136-b3af-c56acf9bf96f
627,b67e9675-99e3-4f90-9a49-39ca5b962c49
628,b683fd1f-c0f8-4020-98e6-22c3ce2d505f
629,b6ec4327-5cbb-4cb6-a4a2-630455a5bf58
630,b724116c-8864-4ebd-a030-f9a7e5f41ab1
631,b747d987-92a2-41d8-a36c-2681ef9a79f4
632,b76263ea-a749-4e52-8cf2-3ac6ef64eac9
633,b7a1953f-a579-45c7-9935-d1a9987e99fb
634,b7c246f8-f547-4ec8-ae7b-a4bd68eebd34
635,b7fc84c6-eb8b-4dc7-9bd5-fb045ef4bfe8
636,b8016375-5127-40b8-8097-6fb34899ed8b
637,b83dc072-512c-40da-85f3-35a0731ba3a9
638,b8b26502-0a0f-4dc5-b643-bbdf06654698
639,b9a58a85-4199-4b0c-afb2-807902ad13b7
640,ba711a0e-b96b-4869-aa60-27eb57780dae
641,bab618d9-1e48-41e8-a8c3-d60f1c9ffdda
642,bb9ae2ca-0c7e-4280-8efa-87dc868e9585
643,bbb1a7b7-feae-4ec7-9dd5-64fb522ef2d2
644,bbb99adf-1e4e-4fdf-86fb-528b8dcb0f58
645,bbc559fa-324f-47cb-8546-c9b563098ddb
646,bbef61b5-db4c-46cb-b9df-8f5f69776206
647,bc0224ff-04e8-4b53-be06-174c16fc33e7
648,bc5d142e-c0c1-4e63-9d91-ce1b6f3b1e61
649,bc959450-2209-4378-9899-4aac7cca01c2
650,bc9c1faa-e860-4614-bb0e-7ebe48af6483
651,bce06f84-d0be-4ee0-ba11-4717b166630e
652,bcfd315a-e751-4ca8-8415-fc18915518a2
653,bd464adc-7248-4425-aab7-daf7bb92b8ce
654,bd567d01-fb3a-4de0-b920-633618c1426a
655,bd99ab16-0382-4447-a333-bbf40cee1483
656,bdaba498-9fae-4b29-b1b5-e92a028d5f7d
657,be03fcbd-5280-4e2c-9116-a1f58db154b1
658,be74e17c-bd95-4c08-a550-32e0cc0061d6
659,be9a8c0f-709e-45f6-8205-13342c61cf8c
660,bea840ff-a5a2-4bab-a648-7dba2c8cd463
661,becc2ffb-6da7-4858-b2a3-3dc972821e88
662,bef16e18-9a0f-4ca3-8ba2-dbe22f6e6097
663,bf2130ee-e7ca-4e02-95f3-12aefcbcdd19
664,bf5e7dea-0f64-4e10-aa67-bd16cf437c7a
665,bffbdfb6-3449-49ee-83fc-9e6d06bd58bf
666,c018eb78-0171-4aaf-9550-56afd320b9a9
667,c06b3660-f767-4a66-be87-accc8be983d9
668,c0bec618-8c2e-4980-bc3b-6fa379c3b80f
669,c0d25c5d-77f8-4717-a6b2-20c09855cbb4
670,c0e921e3-9b56-40ee-9e32-cbd6a09f392f
671,c14e2df3-da66-4bb9-9657-1d731e3324d5
672,c152f054-46f2-4921-bcb8-ea1fcf149220
673,c1565a0f-ff53-466e-bfcd-0125d3c34a4a
674,c27561bb-d41c-4753-8d26-ec11bb11f963
675,c2c1bbbe-deb2-48fb-abab-874a043d7cde
676,c2c3048f-a7d2-4699-a776-daaab8c78bb0
677,c37349e5-4217-46e9-a1d9-0f8ce63d4b57
678,c41b11f2-cc6d-4f6c-b9cb-5395f3564046
679,c43bb71c-be92-47fe-9bc2-ee527c0ebb7c
680,c45b9297-2e20-4154-9f26-82afd5690b35
681,c48c558c-e3c0-4b20-8f36-995fbf733210
682,c48fc1a9-09a9-4645-9722-3f5753d9867a
683,c4c93e1a-166a-4df3-882c-8fe321414ebf
684,c4f98ebb-e240-46a9-befe-0d1a095628d8
685,c558f60f-4417-4e58-95cd-62e0f128b262
686,c5e01102-64e1-4cc3-8777-3bba33b4dbdd
687,c6c35eca-d1c4-46d8-9179-3f05eee07bd6
688,c71b4b43-d708-4ea5-8fce-056e44ce0436
689,c73a6f9a-4a4b-499e-962f-e978e47a3354
690,c7e3402a-1fc3-4a84-96eb-ac5bbc0aa5cd
691,c8465acf-7046-49bf-b81b-ca919659ab62
692,c8b4316c-5841-49b6-a541-46f60d1f9c84
693,c8e97522-8e34-4e53-abdc-cf51fe4b1d1c
694,c8ea2273-5fd6-4be0-8aaa-5aca4b579aa9
695,c8f09129-c98d-42ca-bab5-91a2bc5b64ff
696,c91025ef-fa11-4df6-a158-59b3889f0fff
697,c91a389d-6008-471d-8063-f53f8416b653
698,c970df8a-d5ce-4940-99ba-860c4fe712dc
699,c984bd22-a332-4f40-bab1-a47c52d8e85c
700,c9d7008d-139f-4d4a-856e-2f9407048e6b
701,cb08195f-243e-40dd-9a57-f29fed77d966
702,cb0c40fb-9dd9-4318-be47-45f97f4204c4
703,cb850dc7-345b-4f9e-813d-8f517bb1b67a
704,cbbb14f7-10cf-4099-b0d4-c6b939b3b681
705,cc0ed009-a202-45aa-bacf-0a9ec517b413
706,cc0fac73-aa7a-4373-8a7c-68d8c257cf19
707,ccb92a71-31b4-4870-b5fc-e28c0947a346
708,cce7bc18-0776-41f0-99d9-53b19054baef
709,cce8ae3e-3b30-40f7-bc3d-1b840b465e77
710,cd1a39ce-ed69-4a11-a3b9-585ef9f1a6ab
711,cd224be2-2ab0-4a09-9d43-2af05c967352
712,cdb7840b-9cb2-4d3f-8ada-2e2b54e3c977
713,ce16c7de-56fa-453f-8eeb-e2ddcc653b9d
714,ce388a36-a1c8-48c6-b601-5655c0155c72
715,ce49e4e4-6ff7-459f-abe3-c1f63d9bd033
716,ce66b045-63b3-413b-b719-ea934d21a0af
717,ceac8ab3-15be-4ec7-84e9-399735d0a78f
718,cf175ad2-871b-4ec5-bf43-03164d3ac1ae
719,cfb8ff49-fb05-4458-a2f4-5324835cdcce
720,d05a47d1-31d0-4635-b0fe-a18b1ecb4323
721,d0939038-6613-4cc9-9e22-e45e12912e86
722,d297b3dd-c0c0-467b-88a5-0c76ddf3e35e
723,d29db22d-e42d-4929-a1b4-37f5789f6bd9
724,d2c96f33-7884-479c-a419-014ad354040f
725,d311357e-8596-4a27-a349-389b2e501af2
726,d3252e0d-bf07-42e5-abf1-d762c2732f29
727,d3457270-e393-4e18-9474-efdcf7ba4023
728,d350396d-1666-4426-836b-0ebe0ec30317
729,d3a4a87b-21ff-4df1-a451-cc4a1e568e13
730,d3cece35-156a-475e-9f22-92f516846f89
731,d3cf7bd7-400f-4eab-9c2c-7174ad14a4cf
732,d4783bc5-1a38-4486-aae6-05abb424cc23
733,d4e7dbf1-f38f-4913-a173-7dcbee7d6c24
734,d4f831c5-f3b5-4d14-88ca-4b7704e5d6bc
735,d574c456-5360-4631-ad2b-4219f4637b4a
736,d587bbd5-f487-4caf-907f-12ceff28ac65
737,d6ca94a5-6984-4cc1-9f42-e1cdd5447bae
738,d898dbd7-bf67-4a53-9116-ee44551507f7
739,d8a91deb-6c8f-4549-aaa5-b7486299ebff
740,d8d620ae-e2aa-4c0b-a50f-3bb0f29bac82
741,d8e0d461-cb41-4f44-8b77-bacf2f67a8c6
742,d8f8378e-6dcb-450d-8542-d997a329f13b
743,d90a4def-bd3e-45f0-9aeb-6cf27009bd6c
744,d9166935-dbf2-49d9-8eaa-3dc00b76b764
745,d98b55d0-7f22-4161-b3cf-e07963604fad
746,d99892d8-ec20-4ef5-8e12-8efe55a23096
747,d9dddf53-080f-42b0-b018-8abd7e9b1f5f
748,d9f35b95-f10d-4d25-afc2-4fb21777d142
749,d9f5993d-ebab-41bf-9375-8c6d5d74829b
750,d9f6c63a-451d-40fe-8850-2499c92ebd13
751,da15a23c-60e3-4c8b-ae8a-659e4e8850d7
752,da3a0e00-7eb9-4e9a-a1be-e028e4849ed6
753,db530ac9-24ff-4763-9c6c-94fdb886b78e
754,db860d3a-4b86-4a44-8d22-b7dc9cfdd1ee
755,dbb177e5-d929-4c13-be00-6a470705546a
756,dbb61154-7224-4f48-a18c-de841c402c44
757,dbbf560a-9161-4107-ae88-99b48b0201d1
758,dbc4d463-8c20-446b-ab88-2f9cb6a7074b
759,dc1fba21-a967-4efa-8081-c732cbf14d80
760,dc22853a-1aaa-409c-89bb-2b22387c212c
761,dca30357-465c-453a-9628-90ee86b0da1c
762,dcd326a3-6d02-46ff-83cc-44e85d361005
763,dcffd992-cbe0-4834-a00c-c59b7fea11fb
764,dd5264d8-ba30-452e-80c5-640d357bcee6
765,dd869983-56e8-4a6c-ad3b-a953a68ca0d9
766,dde70ce7-e860-41ed-9587-d3c150816a8a
767,de97d8e6-8a50-42d0-bdac-aea520169d88
768,dec5f1e7-7f20-447b-97b7-1394f35b4bc2
769,dee3a1fb-d010-4b37-ba8f-a5934b54c689
770,e06445e8-b470-42a2-9ef8-919aa35f6160
771,e0d293bf-76ab-4b07-85a3-c7a0a38d2ec6
772,e0ea2bcf-4a2b-44eb-a84c-01ff3fcd6ab6
773,e107ce54-d3e3-4d7c-9cad-c28fd62660d2
774,e10b3a94-6b23-4531-98e7-967982637643
775,e154fbe4-f09a-47ea-a9bb-0a9ae2f87e06
776,e17dbb53-4b1a-42a8-beee-44ebf8a6bc71
777,e21f722e-5f7a-462f-b003-318be8ea30b1
778,e27466b2-bbb8-455d-8790-4cab7f294401
779,e2b0b3b0-e8cd-4e87-8016-a78e8fab0659
780,e330bb25-f4de-4d51-a7b0-ba4d61ff0058
781,e37db168-1ba1-4fb2-9c6d-e4da85f0f064
782,e38bf8ef-3159-42a8-b133-8428605c9d67
783,e3c3549d-5dec-4857-9640-0e63dfd66a8b
784,e3fc161f-4537-4a32-9484-2676d6f395d9
785,e40dc2ab-b3af-4c80-bfe2-9e13aa6e9f5d
786,e4f8e6a7-9164-4b3f-9e9e-0ed25b4087f5
787,e51825d9-e2f4-4679-906b-70f165ad12de
788,e5366a4e-aba3-4692-acb1-8d36d72689d5
789,e5a4d901-60b1-4800-8e70-2d470899094a
790,e5bea64f-36ca-46b9-a1e4-9c22162ca286
791,e5caffec-0c8f-4030-86d2-09a63c1daef6
792,e5dcd22e-2409-44ae-86e4-aa56530fda2a
793,e5e4bd0e-3196-4ff2-96a5-1f2909bbf2a6
794,e5f71a84-03f0-4b56-a7f9-2dcb6f2c58c4
795,e651aed6-7521-459a-abcc-832f4b16c5a6
796,e6b7750a-0d4f-4ed7-9450-57a9d4e06a7d
797,e7bb5469-2101-4900-8f1b-3b12a544fd8e
798,e80db000-5dda-4334-99a9-dcddec46baa8
799,e810be8c-54f7-4ea7-811a-f4d99750d2a3
800,e862cfbb-4ede-4a10-a2d7-a4c409e9de72
801,e8e72d3d-c79d-42a0-995e-80dde6fa5b30
802,e93d88ad-c960-42fb-a58b-0b07b4556d80
803,e9d57eb9-3abe-42ef-b415-30a895a7335f
804,e9f3a305-be9b-458b-bc4d-82573c7784e5
805,e9f65e0b-4a74-4d36-84e2-eb20820ab305
806,ea32ad04-ce4e-4cb9-a1f6-fa49904bd58c
807,eafae3fb-c3ab-4110-b73d-2577556464e1
808,eb07d26e-d53e-4911-983f-58257d2ebe44
809,ec26bb9b-f4ad-4d0e-9934-1e0b981085b4
810,ec956c35-ef78-4077-802e-4bc9e33c53a2
811,ecc26afb-d4a6-447c-896d-1a933a317f6d
812,ecfcb9be-c5cb-4f50-ab9a-fc045b89f61e
813,ed984b5d-1f8a-4106-9b19-8647a8c99a67
814,edebfffe-53de-4c4d-8d43-ab3c45078871
815,ee04e01d-2d04-4d77-8565-737c3eb5c3c7
816,ee3a470a-a2b4-4c61-b1fa-45a5a19f2101
817,ee659c3e-bf3e-4700-8932-3be631222167
818,eea36cff-57ce-4e71-906b-b5f91d9c37ef
819,eeaa09f3-0ad2-454a-bee9-978687c6e45e
820,eee308af-ecfb-4d4f-9c67-3880ebd38121
821,ef2a4215-8c54-4b56-bbf6-3e3a46448047
822,ef4c4df2-e789-4b01-96f8-b3a36ef10314
823,ef61e69d-1e72-4965-934e-e38e5b2c0213
824,efaefb0e-adba-48a6-8642-d44112c7cb7f
825,eff2c34b-9f19-4f5f-acc6-f254e55dce10
826,f0970cf5-fe04-4b5a-8c24-afa73080d08b
827,f0a28eaf-3a14-4807-bae9-e4c071b3e922
828,f0f84908-ee99-4cd7-899c-582ad7628929
829,f0ff1ee9-6393-43c9-8e68-fc4841142c30
830,f1357e86-9581-4e0f-9c24-acb014f884e1
831,f148d58c-e9d3-4f81-98f3-b5f111cbccf1
832,f161afa1-a8de-49e3-970a-0f4f3788f724
833,f196a962-bef4-4d1d-83a8-f033fa504700
834,f1e6b65e-9eab-4a08-86fc-03516a4d3d8a
835,f2032f33-ebc8-4d62-9bba-59aa03e3555a
836,f2116378-a4fa-4658-a46a-090146e8afaf
837,f21263bf-7480-431c-b043-d0dcb7211c84
838,f3a8d56e-8785-40e0-b05c-1d7e2103f6fe
839,f4460cad-2b03-4843-ab7b-b4b6bdf24d97
840,f4940923-d747-4660-a77d-e3211defff51
841,f4f44d5c-dd8a-4fd6-9d74-5b20dd76119f
842,f5292ba0-8cba-4db3-bade-4f921b8d94a9
843,f565d5aa-9505-4e5d-9ab4-3bcbd8e62ca2
844,f5725197-c1d1-4ba3-a4e8-1d862e31a8bd
845,f5a0d5f6-c7bf-4122-9c82-ba3a1cd7c0cd
846,f5d8a95e-2ccb-431b-badb-636cc57ac162
847,f628919d-cf5d-410e-9e38-018f08684dbb
848,f6688fe3-3318-48b7-b2a5-6ace1c882f9d
849,f6aa3f1b-21f5-4c06-8bd0-a898cb666669
850,f6fb6364-8a7e-4204-bba0-2ba9da669c6f
851,f732aca4-0dd9-4e7c-b668-b98f8c8998d3
852,f73a28b7-a620-4e66-a5ae-ade5b84a6b84
853,f76ebe8b-ebb5-4e32-b8f0-3b47f16085db
854,f79d8403-1278-4fa6-8907-12086eda31de
855,f7b9cee1-83e4-4924-9bae-e3965488357a
856,f86c22c2-d740-4fdf-bee4-17f2b86b063c
857,f8b26ec8-7997-4ecb-86be-36a6a3160f55
858,f8be55cd-e013-431c-bd3f-f71bfba00273
859,f8c97712-d04c-4347-81dc-f33d2ce37623
860,f8cd869a-f43e-4759-8292-439597e46f04
861,f8ed20d2-0d7b-47f6-be41-fef115fc2019
862,f8f2db5e-281e-4619-8134-f669f7afd301
863,f9855b28-0f14-4ed5-8ee9-aa155cdb4922
864,f9f7c94d-ab58-49dd-b366-3971d88bc773
865,fa2590c0-f4ec-4203-9af4-fa5064aab9bc
866,faa18e38-1375-42ef-9206-8ecee35665eb
867,fb20d4c6-d211-4e6b-b851-4d6ba08ec730
868,fb655846-7292-4d7c-89e7-52cf2b4400f3
869,fbacd7ea-b0eb-4538-98e8-a9fb45e28618
870,fbd89015-3f2c-4a75-8e14-800770d26374
871,fc5fe631-ca03-42a2-b1eb-1dff808ba0cb
872,fc6654ab-6d13-44c4-8659-8aa8db796d63
873,fc68083b-76f8-4ea2-bbdd-4b353e217899
874,fd4f36b9-f7ad-452c-b983-ef1de8eea742
875,fdd7cf4f-cdae-44f1-a403-4cb44322cdbf
876,fde41618-9378-4b5c-a65f-87d67b2ca608
877,fdf2d664-e50c-47a1-910d-6ca7dd9aa799
878,fdf79778-30a5-40da-94db-bc40c01a30cd
879,febbf301-fba1-4c25-a868-a53d3ed3401e
880,ff1d0537-a2cc-48b0-bdd7-8f60b04ac176
881,ff63f564-2b14-459f-b496-d429da8b4332
882,ffbb2595-2c8d-4223-9f2a-91da1b4f02f4
883,ffeda9d1-c7b2-4b6a-b8d2-4cd33d38fec2
884,fff58b6e-656d-47bf-aa06-bf4efccd960c
885,fff6ce25-7646-405a-8082-cca365bb9cf2
